"Time_da_casa";"Gols_feitos_pelo_time_da_casa";"Gols_feitos_pelo_time_de_fora_de_casa";"Time_de_fora_de_casa";"Liga";"Ano"
"Amazonas";2;2;"América Mineiro";"Brasileirão";2025
"Amazonas";1;0;"Athletic";"Brasileirão";2025
"Amazonas";0;1;"Athletico Paranaense";"Brasileirão";2025
"Amazonas";1;1;"Atlético Goianiense";"Brasileirão";2025
"Amazonas";0;2;"Avaí";"Brasileirão";2025
"Amazonas";3;0;"Botafogo-SP";"Brasileirão";2025
"Amazonas";1;3;"Chapecoense";"Brasileirão";2025
"Amazonas";1;1;"CRB";"Brasileirão";2025
"Amazonas";2;1;"Criciúma";"Brasileirão";2025
"Amazonas";2;0;"Cuiabá";"Brasileirão";2025
"Amazonas";0;0;"Ferroviária";"Brasileirão";2025
"Amazonas";2;2;"Goiás";"Brasileirão";2025
"Amazonas";0;0;"Novorizontino";"Brasileirão";2025
"Amazonas";2;0;"Operário-PR";"Brasileirão";2025
"Amazonas";1;1;"Paysandu";"Brasileirão";2025
"Amazonas";1;3;"Remo";"Brasileirão";2025
"Amazonas";2;1;"Vila Nova";"Brasileirão";2025
"Amazonas";1;0;"Volta Redonda";"Brasileirão";2025
"América Mineiro";3;1;"Amazonas";"Brasileirão";2025
"América Mineiro";0;1;"Athletic";"Brasileirão";2025
"América Mineiro";2;2;"Athletico Paranaense";"Brasileirão";2025
"América Mineiro";2;1;"Atlético Goianiense";"Brasileirão";2025
"América Mineiro";2;0;"Avaí";"Brasileirão";2025
"América Mineiro";1;0;"Botafogo-SP";"Brasileirão";2025
"América Mineiro";0;1;"Chapecoense";"Brasileirão";2025
"América Mineiro";1;0;"Coritiba";"Brasileirão";2025
"América Mineiro";1;1;"CRB";"Brasileirão";2025
"América Mineiro";1;1;"Criciúma";"Brasileirão";2025
"América Mineiro";1;1;"Cuiabá";"Brasileirão";2025
"América Mineiro";1;2;"Ferroviária";"Brasileirão";2025
"América Mineiro";1;0;"Goiás";"Brasileirão";2025
"América Mineiro";2;2;"Novorizontino";"Brasileirão";2025
"América Mineiro";1;1;"Operário-PR";"Brasileirão";2025
"América Mineiro";2;2;"Paysandu";"Brasileirão";2025
"América Mineiro";0;1;"Remo";"Brasileirão";2025
"América Mineiro";1;1;"Vila Nova";"Brasileirão";2025
"América Mineiro";2;1;"Volta Redonda";"Brasileirão";2025
"Athletic";2;2;"Amazonas";"Brasileirão";2025
"Athletic";0;2;"América Mineiro";"Brasileirão";2025
"Athletic";0;3;"Athletico Paranaense";"Brasileirão";2025
"Athletic";1;1;"Atlético Goianiense";"Brasileirão";2025
"Athletic";4;0;"Avaí";"Brasileirão";2025
"Athletic";2;0;"Botafogo-SP";"Brasileirão";2025
"Athletic";0;4;"Chapecoense";"Brasileirão";2025
"Athletic";1;1;"Coritiba";"Brasileirão";2025
"Athletic";1;2;"CRB";"Brasileirão";2025
"Athletic";1;1;"Criciúma";"Brasileirão";2025
"Athletic";0;2;"Cuiabá";"Brasileirão";2025
"Athletic";2;1;"Ferroviária";"Brasileirão";2025
"Athletic";1;1;"Goiás";"Brasileirão";2025
"Athletic";0;2;"Novorizontino";"Brasileirão";2025
"Athletic";2;1;"Operário-PR";"Brasileirão";2025
"Athletic";1;2;"Remo";"Brasileirão";2025
"Athletic";0;1;"Vila Nova";"Brasileirão";2025
"Athletic";2;1;"Volta Redonda";"Brasileirão";2025
"Athletico Paranaense";2;0;"Amazonas";"Brasileirão";2025
"Athletico Paranaense";1;0;"Athletic";"Brasileirão";2025
"Athletico Paranaense";0;1;"Atlético Goianiense";"Brasileirão";2025
"Athletico Paranaense";1;1;"Avaí";"Brasileirão";2025
"Athletico Paranaense";1;4;"Botafogo-SP";"Brasileirão";2025
"Athletico Paranaense";1;1;"Chapecoense";"Brasileirão";2025
"Athletico Paranaense";0;1;"Coritiba";"Brasileirão";2025
"Athletico Paranaense";2;0;"CRB";"Brasileirão";2025
"Athletico Paranaense";2;1;"Criciúma";"Brasileirão";2025
"Athletico Paranaense";1;1;"Cuiabá";"Brasileirão";2025
"Athletico Paranaense";1;1;"Ferroviária";"Brasileirão";2025
"Athletico Paranaense";0;1;"Goiás";"Brasileirão";2025
"Athletico Paranaense";2;1;"Novorizontino";"Brasileirão";2025
"Athletico Paranaense";1;0;"Operário-PR";"Brasileirão";2025
"Athletico Paranaense";1;1;"Paysandu";"Brasileirão";2025
"Athletico Paranaense";2;1;"Remo";"Brasileirão";2025
"Athletico Paranaense";2;0;"Vila Nova";"Brasileirão";2025
"Athletico Paranaense";2;0;"Volta Redonda";"Brasileirão";2025
"Atlético Goianiense";2;0;"Amazonas";"Brasileirão";2025
"Atlético Goianiense";1;0;"América Mineiro";"Brasileirão";2025
"Atlético Goianiense";4;2;"Athletic";"Brasileirão";2025
"Atlético Goianiense";3;0;"Athletico Paranaense";"Brasileirão";2025
"Atlético Goianiense";2;1;"Avaí";"Brasileirão";2025
"Atlético Goianiense";2;0;"Botafogo-SP";"Brasileirão";2025
"Atlético Goianiense";0;0;"Chapecoense";"Brasileirão";2025
"Atlético Goianiense";0;0;"Coritiba";"Brasileirão";2025
"Atlético Goianiense";2;1;"CRB";"Brasileirão";2025
"Atlético Goianiense";0;1;"Criciúma";"Brasileirão";2025
"Atlético Goianiense";1;1;"Cuiabá";"Brasileirão";2025
"Atlético Goianiense";1;3;"Ferroviária";"Brasileirão";2025
"Atlético Goianiense";1;2;"Goiás";"Brasileirão";2025
"Atlético Goianiense";1;0;"Novorizontino";"Brasileirão";2025
"Atlético Goianiense";0;0;"Operário-PR";"Brasileirão";2025
"Atlético Goianiense";2;1;"Paysandu";"Brasileirão";2025
"Atlético Goianiense";1;1;"Remo";"Brasileirão";2025
"Atlético Goianiense";1;0;"Vila Nova";"Brasileirão";2025
"Atlético Goianiense";2;0;"Volta Redonda";"Brasileirão";2025
"Avaí";1;2;"Amazonas";"Brasileirão";2025
"Avaí";3;0;"América Mineiro";"Brasileirão";2025
"Avaí";2;1;"Athletic";"Brasileirão";2025
"Avaí";1;2;"Athletico Paranaense";"Brasileirão";2025
"Avaí";0;0;"Atlético Goianiense";"Brasileirão";2025
"Avaí";5;0;"Botafogo-SP";"Brasileirão";2025
"Avaí";2;1;"Chapecoense";"Brasileirão";2025
"Avaí";0;2;"Coritiba";"Brasileirão";2025
"Avaí";1;0;"CRB";"Brasileirão";2025
"Avaí";1;1;"Criciúma";"Brasileirão";2025
"Avaí";2;0;"Cuiabá";"Brasileirão";2025
"Avaí";2;2;"Ferroviária";"Brasileirão";2025
"Avaí";2;1;"Goiás";"Brasileirão";2025
"Avaí";1;1;"Novorizontino";"Brasileirão";2025
"Avaí";1;0;"Operário-PR";"Brasileirão";2025
"Avaí";0;0;"Paysandu";"Brasileirão";2025
"Avaí";3;1;"Remo";"Brasileirão";2025
"Avaí";1;1;"Vila Nova";"Brasileirão";2025
"Avaí";3;0;"Volta Redonda";"Brasileirão";2025
"Botafogo-SP";1;0;"Amazonas";"Brasileirão";2025
"Botafogo-SP";2;1;"América Mineiro";"Brasileirão";2025
"Botafogo-SP";0;3;"Athletic";"Brasileirão";2025
"Botafogo-SP";1;3;"Athletico Paranaense";"Brasileirão";2025
"Botafogo-SP";1;1;"Atlético Goianiense";"Brasileirão";2025
"Botafogo-SP";1;0;"Chapecoense";"Brasileirão";2025
"Botafogo-SP";0;0;"Coritiba";"Brasileirão";2025
"Botafogo-SP";2;1;"CRB";"Brasileirão";2025
"Botafogo-SP";0;2;"Criciúma";"Brasileirão";2025
"Botafogo-SP";2;2;"Cuiabá";"Brasileirão";2025
"Botafogo-SP";1;2;"Ferroviária";"Brasileirão";2025
"Botafogo-SP";0;1;"Goiás";"Brasileirão";2025
"Botafogo-SP";0;0;"Novorizontino";"Brasileirão";2025
"Botafogo-SP";1;1;"Operário-PR";"Brasileirão";2025
"Botafogo-SP";1;0;"Paysandu";"Brasileirão";2025
"Botafogo-SP";2;2;"Remo";"Brasileirão";2025
"Botafogo-SP";2;0;"Vila Nova";"Brasileirão";2025
"Botafogo-SP";0;0;"Volta Redonda";"Brasileirão";2025
"Chapecoense";4;0;"Amazonas";"Brasileirão";2025
"Chapecoense";0;1;"América Mineiro";"Brasileirão";2025
"Chapecoense";1;0;"Athletic";"Brasileirão";2025
"Chapecoense";2;3;"Athletico Paranaense";"Brasileirão";2025
"Chapecoense";0;1;"Avaí";"Brasileirão";2025
"Chapecoense";1;1;"Botafogo-SP";"Brasileirão";2025
"Chapecoense";1;2;"Coritiba";"Brasileirão";2025
"Chapecoense";3;2;"CRB";"Brasileirão";2025
"Chapecoense";2;1;"Criciúma";"Brasileirão";2025
"Chapecoense";2;1;"Cuiabá";"Brasileirão";2025
"Chapecoense";2;1;"Ferroviária";"Brasileirão";2025
"Chapecoense";1;2;"Goiás";"Brasileirão";2025
"Chapecoense";1;0;"Novorizontino";"Brasileirão";2025
"Chapecoense";2;0;"Operário-PR";"Brasileirão";2025
"Chapecoense";2;0;"Paysandu";"Brasileirão";2025
"Chapecoense";1;1;"Remo";"Brasileirão";2025
"Chapecoense";2;2;"Vila Nova";"Brasileirão";2025
"Chapecoense";4;2;"Volta Redonda";"Brasileirão";2025
"Coritiba";1;1;"Amazonas";"Brasileirão";2025
"Coritiba";1;0;"América Mineiro";"Brasileirão";2025
"Coritiba";0;0;"Athletic";"Brasileirão";2025
"Coritiba";0;0;"Athletico Paranaense";"Brasileirão";2025
"Coritiba";2;1;"Atlético Goianiense";"Brasileirão";2025
"Coritiba";2;1;"Avaí";"Brasileirão";2025
"Coritiba";2;0;"Botafogo-SP";"Brasileirão";2025
"Coritiba";0;0;"Chapecoense";"Brasileirão";2025
"Coritiba";0;0;"CRB";"Brasileirão";2025
"Coritiba";0;2;"Criciúma";"Brasileirão";2025
"Coritiba";2;0;"Cuiabá";"Brasileirão";2025
"Coritiba";4;0;"Ferroviária";"Brasileirão";2025
"Coritiba";0;0;"Goiás";"Brasileirão";2025
"Coritiba";0;0;"Novorizontino";"Brasileirão";2025
"Coritiba";2;0;"Operário-PR";"Brasileirão";2025
"Coritiba";2;5;"Paysandu";"Brasileirão";2025
"Coritiba";0;0;"Remo";"Brasileirão";2025
"Coritiba";1;0;"Vila Nova";"Brasileirão";2025
"Coritiba";2;0;"Volta Redonda";"Brasileirão";2025
"CRB";2;0;"Amazonas";"Brasileirão";2025
"CRB";1;2;"América Mineiro";"Brasileirão";2025
"CRB";1;0;"Athletic";"Brasileirão";2025
"CRB";0;1;"Athletico Paranaense";"Brasileirão";2025
"CRB";2;1;"Atlético Goianiense";"Brasileirão";2025
"CRB";1;0;"Avaí";"Brasileirão";2025
"CRB";3;2;"Botafogo-SP";"Brasileirão";2025
"CRB";1;0;"Chapecoense";"Brasileirão";2025
"CRB";0;1;"Coritiba";"Brasileirão";2025
"CRB";1;0;"Criciúma";"Brasileirão";2025
"CRB";1;1;"Cuiabá";"Brasileirão";2025
"CRB";2;2;"Ferroviária";"Brasileirão";2025
"CRB";2;0;"Goiás";"Brasileirão";2025
"CRB";4;0;"Novorizontino";"Brasileirão";2025
"CRB";2;2;"Operário-PR";"Brasileirão";2025
"CRB";2;0;"Paysandu";"Brasileirão";2025
"CRB";2;0;"Remo";"Brasileirão";2025
"CRB";2;0;"Vila Nova";"Brasileirão";2025
"CRB";1;0;"Volta Redonda";"Brasileirão";2025
"Criciúma";3;2;"Amazonas";"Brasileirão";2025
"Criciúma";2;1;"América Mineiro";"Brasileirão";2025
"Criciúma";4;0;"Athletic";"Brasileirão";2025
"Criciúma";4;2;"Athletico Paranaense";"Brasileirão";2025
"Criciúma";1;0;"Atlético Goianiense";"Brasileirão";2025
"Criciúma";1;2;"Avaí";"Brasileirão";2025
"Criciúma";2;0;"Botafogo-SP";"Brasileirão";2025
"Criciúma";2;0;"Chapecoense";"Brasileirão";2025
"Criciúma";0;1;"Coritiba";"Brasileirão";2025
"Criciúma";1;0;"CRB";"Brasileirão";2025
"Criciúma";1;0;"Cuiabá";"Brasileirão";2025
"Criciúma";2;1;"Ferroviária";"Brasileirão";2025
"Criciúma";1;2;"Goiás";"Brasileirão";2025
"Criciúma";2;0;"Novorizontino";"Brasileirão";2025
"Criciúma";1;2;"Operário-PR";"Brasileirão";2025
"Criciúma";2;4;"Paysandu";"Brasileirão";2025
"Criciúma";1;1;"Remo";"Brasileirão";2025
"Criciúma";1;0;"Vila Nova";"Brasileirão";2025
"Criciúma";0;0;"Volta Redonda";"Brasileirão";2025
"Cuiabá";3;1;"Amazonas";"Brasileirão";2025
"Cuiabá";3;1;"América Mineiro";"Brasileirão";2025
"Cuiabá";2;1;"Athletic";"Brasileirão";2025
"Cuiabá";2;1;"Athletico Paranaense";"Brasileirão";2025
"Cuiabá";2;2;"Atlético Goianiense";"Brasileirão";2025
"Cuiabá";2;2;"Avaí";"Brasileirão";2025
"Cuiabá";0;1;"Botafogo-SP";"Brasileirão";2025
"Cuiabá";1;0;"Chapecoense";"Brasileirão";2025
"Cuiabá";1;0;"Coritiba";"Brasileirão";2025
"Cuiabá";1;0;"CRB";"Brasileirão";2025
"Cuiabá";1;0;"Ferroviária";"Brasileirão";2025
"Cuiabá";0;1;"Goiás";"Brasileirão";2025
"Cuiabá";0;1;"Novorizontino";"Brasileirão";2025
"Cuiabá";2;3;"Operário-PR";"Brasileirão";2025
"Cuiabá";1;0;"Paysandu";"Brasileirão";2025
"Cuiabá";1;3;"Remo";"Brasileirão";2025
"Cuiabá";1;0;"Vila Nova";"Brasileirão";2025
"Cuiabá";2;0;"Volta Redonda";"Brasileirão";2025
"Ferroviária";2;1;"Amazonas";"Brasileirão";2025
"Ferroviária";1;3;"América Mineiro";"Brasileirão";2025
"Ferroviária";1;2;"Athletic";"Brasileirão";2025
"Ferroviária";1;2;"Athletico Paranaense";"Brasileirão";2025
"Ferroviária";2;0;"Atlético Goianiense";"Brasileirão";2025
"Ferroviária";1;1;"Avaí";"Brasileirão";2025
"Ferroviária";1;1;"Botafogo-SP";"Brasileirão";2025
"Ferroviária";0;1;"Chapecoense";"Brasileirão";2025
"Ferroviária";2;1;"Coritiba";"Brasileirão";2025
"Ferroviária";1;0;"CRB";"Brasileirão";2025
"Ferroviária";0;0;"Criciúma";"Brasileirão";2025
"Ferroviária";2;2;"Cuiabá";"Brasileirão";2025
"Ferroviária";1;1;"Goiás";"Brasileirão";2025
"Ferroviária";1;2;"Novorizontino";"Brasileirão";2025
"Ferroviária";0;0;"Operário-PR";"Brasileirão";2025
"Ferroviária";2;2;"Paysandu";"Brasileirão";2025
"Ferroviária";1;1;"Remo";"Brasileirão";2025
"Ferroviária";1;3;"Vila Nova";"Brasileirão";2025
"Ferroviária";0;0;"Volta Redonda";"Brasileirão";2025
"Goiás";1;0;"Amazonas";"Brasileirão";2025
"Goiás";1;0;"América Mineiro";"Brasileirão";2025
"Goiás";1;2;"Athletic";"Brasileirão";2025
"Goiás";0;1;"Athletico Paranaense";"Brasileirão";2025
"Goiás";0;0;"Atlético Goianiense";"Brasileirão";2025
"Goiás";2;1;"Avaí";"Brasileirão";2025
"Goiás";2;3;"Botafogo-SP";"Brasileirão";2025
"Goiás";1;3;"Chapecoense";"Brasileirão";2025
"Goiás";1;0;"Coritiba";"Brasileirão";2025
"Goiás";1;2;"CRB";"Brasileirão";2025
"Goiás";1;1;"Criciúma";"Brasileirão";2025
"Goiás";3;1;"Cuiabá";"Brasileirão";2025
"Goiás";2;0;"Ferroviária";"Brasileirão";2025
"Goiás";1;0;"Novorizontino";"Brasileirão";2025
"Goiás";2;1;"Operário-PR";"Brasileirão";2025
"Goiás";1;0;"Paysandu";"Brasileirão";2025
"Goiás";1;1;"Remo";"Brasileirão";2025
"Goiás";2;2;"Vila Nova";"Brasileirão";2025
"Goiás";2;0;"Volta Redonda";"Brasileirão";2025
"Novorizontino";1;1;"Amazonas";"Brasileirão";2025
"Novorizontino";3;1;"América Mineiro";"Brasileirão";2025
"Novorizontino";1;0;"Athletic";"Brasileirão";2025
"Novorizontino";2;1;"Athletico Paranaense";"Brasileirão";2025
"Novorizontino";1;1;"Atlético Goianiense";"Brasileirão";2025
"Novorizontino";1;1;"Avaí";"Brasileirão";2025
"Novorizontino";1;1;"Botafogo-SP";"Brasileirão";2025
"Novorizontino";1;0;"Chapecoense";"Brasileirão";2025
"Novorizontino";1;2;"Coritiba";"Brasileirão";2025
"Novorizontino";1;1;"Criciúma";"Brasileirão";2025
"Novorizontino";3;0;"Cuiabá";"Brasileirão";2025
"Novorizontino";2;2;"Ferroviária";"Brasileirão";2025
"Novorizontino";1;0;"Goiás";"Brasileirão";2025
"Novorizontino";3;0;"Operário-PR";"Brasileirão";2025
"Novorizontino";3;1;"Paysandu";"Brasileirão";2025
"Novorizontino";1;1;"Remo";"Brasileirão";2025
"Novorizontino";1;1;"Vila Nova";"Brasileirão";2025
"Novorizontino";1;0;"Volta Redonda";"Brasileirão";2025
"Operário-PR";2;1;"Amazonas";"Brasileirão";2025
"Operário-PR";1;0;"América Mineiro";"Brasileirão";2025
"Operário-PR";1;4;"Athletic";"Brasileirão";2025
"Operário-PR";2;2;"Athletico Paranaense";"Brasileirão";2025
"Operário-PR";3;0;"Atlético Goianiense";"Brasileirão";2025
"Operário-PR";0;0;"Avaí";"Brasileirão";2025
"Operário-PR";3;0;"Botafogo-SP";"Brasileirão";2025
"Operário-PR";1;2;"Chapecoense";"Brasileirão";2025
"Operário-PR";1;0;"Coritiba";"Brasileirão";2025
"Operário-PR";1;1;"CRB";"Brasileirão";2025
"Operário-PR";1;0;"Criciúma";"Brasileirão";2025
"Operário-PR";1;1;"Cuiabá";"Brasileirão";2025
"Operário-PR";1;2;"Goiás";"Brasileirão";2025
"Operário-PR";2;0;"Novorizontino";"Brasileirão";2025
"Operário-PR";0;0;"Paysandu";"Brasileirão";2025
"Operário-PR";0;1;"Remo";"Brasileirão";2025
"Operário-PR";2;2;"Vila Nova";"Brasileirão";2025
"Operário-PR";2;1;"Volta Redonda";"Brasileirão";2025
"Paysandu";2;2;"Amazonas";"Brasileirão";2025
"Paysandu";0;0;"América Mineiro";"Brasileirão";2025
"Paysandu";1;1;"Athletic";"Brasileirão";2025
"Paysandu";1;2;"Athletico Paranaense";"Brasileirão";2025
"Paysandu";2;2;"Atlético Goianiense";"Brasileirão";2025
"Paysandu";1;2;"Avaí";"Brasileirão";2025
"Paysandu";1;0;"Botafogo-SP";"Brasileirão";2025
"Paysandu";0;2;"Chapecoense";"Brasileirão";2025
"Paysandu";1;2;"Coritiba";"Brasileirão";2025
"Paysandu";1;1;"CRB";"Brasileirão";2025
"Paysandu";0;1;"Criciúma";"Brasileirão";2025
"Paysandu";1;1;"Cuiabá";"Brasileirão";2025
"Paysandu";2;1;"Ferroviária";"Brasileirão";2025
"Paysandu";0;0;"Goiás";"Brasileirão";2025
"Paysandu";0;1;"Novorizontino";"Brasileirão";2025
"Paysandu";1;2;"Operário-PR";"Brasileirão";2025
"Paysandu";2;3;"Remo";"Brasileirão";2025
"Paysandu";0;1;"Vila Nova";"Brasileirão";2025
"Paysandu";1;2;"Volta Redonda";"Brasileirão";2025
"Remo";1;0;"Amazonas";"Brasileirão";2025
"Remo";2;0;"América Mineiro";"Brasileirão";2025
"Remo";3;1;"Athletic";"Brasileirão";2025
"Remo";2;1;"Athletico Paranaense";"Brasileirão";2025
"Remo";0;1;"Atlético Goianiense";"Brasileirão";2025
"Remo";2;1;"Avaí";"Brasileirão";2025
"Remo";1;1;"Botafogo-SP";"Brasileirão";2025
"Remo";1;1;"Chapecoense";"Brasileirão";2025
"Remo";1;0;"Coritiba";"Brasileirão";2025
"Remo";4;2;"CRB";"Brasileirão";2025
"Remo";0;1;"Criciúma";"Brasileirão";2025
"Remo";0;0;"Cuiabá";"Brasileirão";2025
"Remo";0;2;"Ferroviária";"Brasileirão";2025
"Remo";1;1;"Novorizontino";"Brasileirão";2025
"Remo";2;1;"Operário-PR";"Brasileirão";2025
"Remo";0;1;"Paysandu";"Brasileirão";2025
"Remo";2;0;"Vila Nova";"Brasileirão";2025
"Remo";1;1;"Volta Redonda";"Brasileirão";2025
"Vila Nova";1;0;"Amazonas";"Brasileirão";2025
"Vila Nova";0;3;"América Mineiro";"Brasileirão";2025
"Vila Nova";1;1;"Athletic";"Brasileirão";2025
"Vila Nova";2;1;"Athletico Paranaense";"Brasileirão";2025
"Vila Nova";1;0;"Atlético Goianiense";"Brasileirão";2025
"Vila Nova";2;2;"Avaí";"Brasileirão";2025
"Vila Nova";2;0;"Botafogo-SP";"Brasileirão";2025
"Vila Nova";1;0;"Chapecoense";"Brasileirão";2025
"Vila Nova";1;2;"Coritiba";"Brasileirão";2025
"Vila Nova";2;0;"CRB";"Brasileirão";2025
"Vila Nova";1;1;"Criciúma";"Brasileirão";2025
"Vila Nova";2;2;"Cuiabá";"Brasileirão";2025
"Vila Nova";2;2;"Ferroviária";"Brasileirão";2025
"Vila Nova";2;0;"Goiás";"Brasileirão";2025
"Vila Nova";0;1;"Novorizontino";"Brasileirão";2025
"Vila Nova";0;0;"Operário-PR";"Brasileirão";2025
"Vila Nova";1;0;"Paysandu";"Brasileirão";2025
"Vila Nova";1;1;"Remo";"Brasileirão";2025
"Volta Redonda";1;1;"Amazonas";"Brasileirão";2025
"Volta Redonda";1;0;"América Mineiro";"Brasileirão";2025
"Volta Redonda";0;2;"Athletic";"Brasileirão";2025
"Volta Redonda";3;2;"Athletico Paranaense";"Brasileirão";2025
"Volta Redonda";3;0;"Atlético Goianiense";"Brasileirão";2025
"Volta Redonda";1;1;"Avaí";"Brasileirão";2025
"Volta Redonda";0;1;"Botafogo-SP";"Brasileirão";2025
"Volta Redonda";1;1;"Chapecoense";"Brasileirão";2025
"Volta Redonda";0;1;"Coritiba";"Brasileirão";2025
"Volta Redonda";0;1;"CRB";"Brasileirão";2025
"Volta Redonda";0;0;"Criciúma";"Brasileirão";2025
"Volta Redonda";0;1;"Cuiabá";"Brasileirão";2025
"Volta Redonda";0;0;"Ferroviária";"Brasileirão";2025
"Volta Redonda";0;0;"Goiás";"Brasileirão";2025
"Volta Redonda";0;0;"Novorizontino";"Brasileirão";2025
"Volta Redonda";1;0;"Operário-PR";"Brasileirão";2025
"Volta Redonda";1;0;"Paysandu";"Brasileirão";2025
"Volta Redonda";2;1;"Remo";"Brasileirão";2025
"Volta Redonda";2;1;"Vila Nova";"Brasileirão";2025
